{"MAE": 3.961948717948701, "MSE": 18.144687447731666, "RMSE": 4.259658137425076, "R2": 0.9570257402553723}