{"MAE": 5.373646510078312, "MSE": 40.18083362117053, "RMSE": 6.338835352110869, "R2": 0.9962588161999711}